{
  "hash": "17a1c2eb",
  "configHash": "f3d435cd",
  "lockfileHash": "2ec65ac9",
  "browserHash": "7f41c263",
  "optimized": {
    "@angular/animations": {
      "src": "../../../../../../node_modules/@angular/animations/fesm2022/animations.mjs",
      "file": "@angular_animations.js",
      "fileHash": "6f2a55f2",
      "needsInterop": false
    },
    "@angular/common": {
      "src": "../../../../../../node_modules/@angular/common/fesm2022/common.mjs",
      "file": "@angular_common.js",
      "fileHash": "3184d96e",
      "needsInterop": false
    },
    "@angular/common/http": {
      "src": "../../../../../../node_modules/@angular/common/fesm2022/http.mjs",
      "file": "@angular_common_http.js",
      "fileHash": "0106b360",
      "needsInterop": false
    },
    "@angular/core": {
      "src": "../../../../../../node_modules/@angular/core/fesm2022/core.mjs",
      "file": "@angular_core.js",
      "fileHash": "91e42e7c",
      "needsInterop": false
    },
    "@angular/platform-browser": {
      "src": "../../../../../../node_modules/@angular/platform-browser/fesm2022/platform-browser.mjs",
      "file": "@angular_platform-browser.js",
      "fileHash": "be1a3060",
      "needsInterop": false
    },
    "@angular/platform-browser/animations": {
      "src": "../../../../../../node_modules/@angular/platform-browser/fesm2022/animations.mjs",
      "file": "@angular_platform-browser_animations.js",
      "fileHash": "ac1cb69e",
      "needsInterop": false
    },
    "@angular/router": {
      "src": "../../../../../../node_modules/@angular/router/fesm2022/router.mjs",
      "file": "@angular_router.js",
      "fileHash": "75f67cee",
      "needsInterop": false
    },
    "ngx-countup": {
      "src": "../../../../../../node_modules/ngx-countup/fesm2020/ngx-countup.mjs",
      "file": "ngx-countup.js",
      "fileHash": "9f4c446a",
      "needsInterop": false
    }
  },
  "chunks": {
    "chunk-6DERN6HY": {
      "file": "chunk-6DERN6HY.js"
    },
    "chunk-4CYJ6YN6": {
      "file": "chunk-4CYJ6YN6.js"
    },
    "chunk-TS3FCPXL": {
      "file": "chunk-TS3FCPXL.js"
    },
    "chunk-KD276FXN": {
      "file": "chunk-KD276FXN.js"
    },
    "chunk-GZKEX4RU": {
      "file": "chunk-GZKEX4RU.js"
    }
  }
}